country,happiness_score,gdp_per_capita,social_support,healthy_life_expectancy,freedom_to_make_life_choices,generosity,corruption_perceptions,avg_happiness_score,annual_average,avg_annual_region,avg_annual,happiness_category
Afghanistan,2.9907666583333334,0.4288081186666667,0.2672441294444445,0.22684314555555554,0.06551328,0.1975428496666667,0.04063262388888889,2.9907666583333326,5.444338486093167,4.463861366407407,5.444338486093167,Not happy
Albania,4.893188891,1.0550906444444446,0.7479043512222221,0.7366454862222223,0.4302705028888889,0.16105118988888886,0.036707277888888896,4.893188891,5.444338486093167,5.589284174912879,5.444338486093167,Not happy
Algeria,5.40901111,1.0745189408888889,1.0607812275555555,0.6305225772222222,0.16590328966666668,0.08755685122222222,0.14240964044444443,5.409011110000001,5.444338486093167,5.268499088774629,5.444338486093167,Moderately happy
Angola,3.8722500190000004,0.7983795450000001,0.9383679899999999,0.13390216649999998,0.027432500000000012,0.10526912249999999,0.07157008375,3.872250019,5.3719637282579615,4.1615488540232795,5.3719637282579615,Not happy
Argentina,6.243522216777778,1.2141823435555557,1.277482759777778,0.7099167543333335,0.5127710612222223,0.08555083688888888,0.06843943855555555,6.2435222167777775,5.444338486093167,5.9905635228708,5.444338486093167,Happy
Armenia,4.740755522444444,0.9888810162222222,0.9112156237777778,0.662345744,0.3452465638888889,0.07835487000000002,0.09627251177777779,4.740755522444444,5.444338486093167,5.589284174912879,5.444338486093167,Not happy
Australia,7.227088855333333,1.504091263111111,1.3664642466666668,0.8555838307777779,0.6274549527777779,0.3551514292222222,0.3196511276666667,7.227088855333333,5.444338486093167,7.176058332472222,5.444338486093167,Happy
Austria,7.1702444428888885,1.5176658667777778,1.3184733208888886,0.8344813274444446,0.5978905631111111,0.2573902317777777,0.25372850044444445,7.1702444428888885,5.444338486093167,6.811899206957673,5.444338486093167,Happy
Azerbaijan,5.206850046625,1.105186808375,1.0341704120000001,0.6162999791250001,0.43718257024999996,0.04397156925,0.21788558600000002,5.206850046625,5.4318256497959885,5.542058333140625,5.4318256497959885,Moderately happy
Bahrain,6.251477784444445,1.4883449458888889,1.1921826856666664,0.6823432674444444,0.5897574245555556,0.2163569108888889,0.17916215855555556,6.251477784444448,5.444338486093167,5.268499088774629,5.444338486093167,Happy
Bangladesh,4.688422190333333,0.6671265836666668,0.6341647024444445,0.567967949,0.5374963583333333,0.16628227433333334,0.15055264077777777,4.688422190333333,5.444338486093167,4.463861366407407,5.444338486093167,Not happy
Belarus,5.610612449125,1.141244007375,1.280238067,0.6794278546249999,0.30830576625,0.099993821125,0.18654890712500002,5.610612449125,5.4318256497959885,5.542058333140625,5.4318256497959885,Moderately happy
Belgium,6.885388879111111,1.4944259475555555,1.3043489206666665,0.8242503353333333,0.5294017936666667,0.162818833,0.22910524255555556,6.885388879111111,5.444338486093167,6.811899206957673,5.444338486093167,Happy
Belize,5.955999950333333,0.8637117719999999,0.9563225996666667,0.45996058866666667,0.5509397906666668,0.21995188033333335,0.09776369066666667,5.955999950333331,5.3707069119388855,6.0032348525,5.370706911938885,Moderately happy
Benin,4.307000016111111,0.5125522346666667,0.26875314222222224,0.26215257366666667,0.4355302962222222,0.17044654322222225,0.12708565433333333,4.307000016111111,5.444338486093167,4.298487007476782,5.444338486093167,Not happy
Bhutan,5.124800031200001,0.8235072777999999,1.2016873028,0.5397078584000001,0.4984675362,0.434698909,0.16548607799999998,5.124800031200001,5.3789902133756,4.5806571408000005,5.3789902133756,Moderately happy
Bolivia,5.757055544111111,0.8783647676666667,1.051907734,0.5254417682222221,0.5787719363333333,0.1574750887777778,0.06720892922222221,5.757055544111111,5.444338486093167,5.9905635228708,5.444338486093167,Moderately happy
Bosnia and Herzegovina,5.410788898000001,1.0548738753333335,1.0526836071111112,0.7036204993333334,0.2797032131111111,0.26342697099999995,0.0031602763333333336,5.410788898000001,5.444338486093167,5.589284174912879,5.444338486093167,Moderately happy
Botswana,3.6668777764444442,1.1487170167777778,1.0225277538888888,0.3214596935555556,0.5057917492222221,0.05429065944444446,0.0984221741111111,3.6668777764444433,5.444338486093167,4.298487007476782,5.444338486093167,Not happy
Brazil,6.490288898888888,1.1180903425555555,1.2464466802222225,0.6382046017777778,0.4796096084444445,0.13450272033333333,0.12183126277777775,6.4902888988888865,5.444338486093167,5.9905635228708,5.444338486093167,Happy
Bulgaria,4.921944473222222,1.2133593081111114,1.2921687084444444,0.676504953,0.3899013093333333,0.10701682299999998,0.008657947888888889,4.921944473222222,5.444338486093167,5.589284174912879,5.444338486093167,Not happy
Burkina Faso,4.364411131999999,0.4207517064444445,0.8287873227777778,0.2503220148888889,0.3471551118888889,0.20069503266666666,0.12248735122222223,4.364411132,5.444338486093167,4.298487007476782,5.444338486093167,Not happy
Burundi,3.2778999995714284,0.044604652714285715,0.40280840785714284,0.21546480385714287,0.15428568742857143,0.184143853,0.13702068185714283,3.2778999995714284,5.4144328365574514,4.260601786360067,5.4144328365574514,Not happy
Cambodia,4.4153778152222225,0.6592022259999999,0.8765027083333333,0.4846408597777779,0.6749217967777777,0.2740272276666667,0.06681482811111111,4.4153778152222225,5.444338486093167,5.37134784239352,5.444338486093167,Not happy
Cameroon,4.858544452666667,0.6195259345555555,0.8065371854444445,0.20789796333333335,0.4280090256666667,0.19314428422222227,0.055091116999999995,4.858544452666667,5.444338486093167,4.298487007476782,5.444338486093167,Not happy
Canada,7.230455555,1.4951435643333333,1.3431612104444446,0.8496988441111112,0.629088782111111,0.32339096022222225,0.32754815244444446,7.230455555,5.444338486093167,7.176058332472222,5.444338486093167,Happy
Central African Republic,3.2025800026,0.0339144164,0.0,0.04015253719999999,0.3164893018,0.2451479408,0.0481439588,3.2025800026,5.397201243270375,4.238663845933334,5.397201243270374,Not happy
Chad,4.160300004111111,0.41681894177777773,0.7310415722222222,0.09457986833333333,0.21444708844444443,0.20316099311111113,0.06983858777777778,4.160300004111111,5.444338486093167,4.298487007476782,5.444338486093167,Not happy
Chile,6.428166648777779,1.2732919003333332,1.1941835383333332,0.7834600591111112,0.4272875006666667,0.21442460244444445,0.08003748133333331,6.428166648777776,5.444338486093167,5.9905635228708,5.444338486093167,Happy
China,5.328988855555555,1.120735467,1.0324975651111112,0.7434282262222223,0.5674980916666666,0.07036309833333333,0.08914553655555556,5.328988855555552,5.444338486093167,5.732149987592592,5.444338486093167,Moderately happy
Colombia,6.142933338555555,1.0916395594444446,1.206167099666667,0.6654897858888889,0.5164874948888889,0.11629539633333333,0.05318967911111111,6.1429333385555545,5.444338486093167,5.9905635228708,5.444338486093167,Happy
Comoros,4.088085709714286,0.5006815391428572,0.5780275437142858,0.3604776177142857,0.17290260457142856,0.20794975371428573,0.13320264785714286,4.088085709714286,5.467015764628235,4.3399155291185,5.467015764628235,Not happy
Costa Rica,7.0013777638888905,1.1627093327777778,1.2567396957777777,0.7855416223333334,0.6242399325555554,0.1562643933333333,0.10030763122222222,7.00137776388889,5.444338486093167,5.9905635228708,5.444338486093167,Happy
Croatia,5.658855600555556,1.283734502111111,1.0875086533333334,0.7370171221111111,0.36656990833333336,0.12742021722222222,0.020416457333333332,5.658855600555558,5.444338486093167,5.589284174912879,5.444338486093167,Moderately happy
Cyprus,5.896555525888889,1.4003819452222221,1.0246315587777777,0.8660221442222222,0.4136986012222222,0.20918073722222222,0.0640205688888889,5.904545430272727,5.444338486093167,6.811899206957673,5.444338486093167,Moderately happy
Czech Republic,6.7682111468888895,1.3959038562222224,1.3248368763333334,0.7696220503333334,0.534167861111111,0.090953632,0.040784016666666666,6.7682111468888895,5.444338486093167,5.589284174912879,5.444338486093167,Happy
Democratic Republic of the Congo,4.290625009999999,0.231899977125,0.9150048095,0.221959884875,0.296206791,0.21571258950000002,0.074713500125,4.290625010000001,5.433275931083001,4.273988855633601,5.433275931083001,Not happy
Denmark,7.579733297555555,1.523843504111111,1.4045434216666668,0.8202864545555556,0.6593151798888889,0.27124154277777784,0.46490337733333337,7.579733297555555,5.444338486093167,6.811899206957673,5.444338486093167,Happy
Dominican Republic,5.393022215888889,1.1292006316666665,1.2054761776666667,0.6041906045555554,0.5666415260000001,0.13665162566666667,0.135661215,5.39302221588889,5.444338486093167,5.9905635228708,5.444338486093167,Moderately happy
Ecuador,5.860133320333333,1.013587111,1.0962184918888889,0.7143726627777777,0.5153191944444444,0.1096965491111111,0.11212866999999999,5.860133320333332,5.444338486093167,5.9905635228708,5.444338486093167,Moderately happy
Egypt,4.307600024777778,1.0241867497777777,0.8489045474444445,0.5280420633333333,0.32801609877777776,0.08371141077777777,0.12744590644444445,4.307600024777778,5.444338486093167,5.268499088774629,5.444338486093167,Not happy
El Salvador,6.141366640333334,0.9205516559999999,1.0140380782222222,0.6227909516666666,0.5130762719999999,0.09276492055555556,0.1312112568888889,6.141366640333336,5.444338486093167,5.9905635228708,5.444338486093167,Happy
Estonia,5.910644455777778,1.368522285,1.3451604030000002,0.7183748137777777,0.5584206927777777,0.10878417322222221,0.22500508233333333,5.910644455777778,5.444338486093167,5.589284174912879,5.444338486093167,Moderately happy
Ethiopia,4.323244464444445,0.41476883211111104,0.8260169428888889,0.39828732833333336,0.4214377346666667,0.24853542700000006,0.13356363877777777,4.323244464444444,5.444338486093167,4.298487007476782,5.444338486093167,Not happy
Finland,7.662744438666667,1.4773323815555555,1.402296958888889,0.8201610083333333,0.6632219552222223,0.17862035722222216,0.4466920894444445,7.662744438666668,5.444338486093167,6.811899206957673,5.444338486093167,Happy
France,6.586422186111111,1.4587458678888887,1.3092306699999998,0.8654355643333332,0.5156670018888889,0.10458777888888887,0.21270507388888887,6.586422186111114,5.444338486093167,6.811899206957673,5.444338486093167,Happy
Gabon,4.634811119999999,1.1591116244444446,0.9671086363333335,0.39758593666666664,0.3384342748888889,0.047495442222222226,0.07865570288888889,4.634811119999998,5.444338486093167,4.298487007476782,5.444338486093167,Not happy
Gambia,4.7521199722,0.4955981104,0.7135357376,0.3068495762,0.3644839048,0.3759979374,0.11681875900000001,4.7521199722,5.502238292361332,4.408037530239584,5.502238292361332,Not happy
Georgia,4.593288840777777,1.0100700814444443,0.5741020926666667,0.6186460672222222,0.4201426825555556,0.03754983888888889,0.23298496788888892,4.593288840777777,5.444338486093167,5.589284174912879,5.444338486093167,Not happy
Germany,6.977977795111112,1.5126553255555555,1.2942415661111109,0.8219772814444444,0.5733572795555557,0.24666298599999997,0.29600380333333337,6.977977795111114,5.444338486093167,6.811899206957673,5.444338486093167,Happy
Ghana,4.710555516555555,0.7239708101111111,0.7470114107777778,0.3491033313333333,0.46182959533333334,0.2363461277777778,0.041784083444444446,4.710555516555555,5.444338486093167,4.298487007476782,5.444338486093167,Not happy
Greece,5.4310000114444446,1.3154975107777778,1.0542720153333331,0.8243389612222223,0.14916195544444444,0.0025555555555555557,0.05604156988888889,5.431000011444445,5.444338486093167,6.811899206957673,5.444338486093167,Moderately happy
Guatemala,6.329433336444444,0.9103208507777778,1.0767335831111113,0.5706480638888888,0.5883974822222222,0.19467445088888893,0.08803484211111111,6.3294333364444455,5.444338486093167,5.9905635228708,5.444338486093167,Happy
Guinea Bissau,4.351588864555556,0.429875296,0.6311400717777778,0.23279604188888892,0.3578050634444444,0.24000177044444446,0.108081353,4.3515888645555565,5.444338486093167,4.298487007476782,5.444338486093167,Not happy
Haiti,3.809114264142857,0.3132920987142857,0.5572501681428571,0.32572826571428576,0.12466248185714288,0.45265191957142864,0.13304540314285715,3.8091142641428566,5.4144328365574514,5.999807236172232,5.4144328365574514,Not happy
Honduras,5.569022232888888,0.7566607447777778,1.0250054536666664,0.6213877179999999,0.48047310411111116,0.22248745255555555,0.07449583944444443,5.569022232888889,5.444338486093167,5.9905635228708,5.444338486093167,Moderately happy
Hong Kong S.A.R. of China,5.442711104444444,1.5667956556666667,1.1108627992222224,0.9705270087777778,0.467355018,0.2738329663333333,0.33412546511111113,5.4427111044444425,5.444338486093167,5.732149987592592,5.444338486093167,Moderately happy
Hungary,5.640711105333334,1.3319643389999998,1.2828813875555556,0.6897430357777777,0.3310094801111111,0.08532143344444446,0.03860945666666667,5.640711105333336,5.444338486093167,5.589284174912879,5.444338486093167,Moderately happy
Iceland,7.522277788777779,1.5114571808888888,1.4581812771111113,0.8581739475555555,0.6562392647777777,0.3634389387777778,0.15480748122222224,7.522277788777777,5.444338486093167,6.811899206957673,5.444338486093167,Happy
India,4.077144438,0.8279052673333331,0.5500868058888889,0.4601330841111111,0.5380932502222223,0.21940455244444443,0.0986616518888889,4.077144438,5.444338486093167,4.463861366407407,5.444338486093167,Not happy
Indonesia,5.267511141000001,1.0240632559999998,1.0720639545555555,0.5224947507777777,0.5311072101111112,0.5164345683333332,0.025979527555555552,5.267511141000001,5.444338486093167,5.37134784239352,5.444338486093167,Moderately happy
Iran,4.73371110111111,1.1529528457777778,0.7270958253333334,0.6465285583333333,0.2974764533333334,0.3091624281111111,0.10886028733333335,4.733711101111111,5.444338486093167,5.268499088774629,5.444338486093167,Not happy
Iraq,4.684755585555556,1.0753287993333336,0.8472244244444446,0.5014067964444444,0.2607448427777778,0.161972148,0.08484674966666667,4.684755585555556,5.444338486093167,5.268499088774629,5.444338486093167,Not happy
Ireland,6.994744463222222,1.6304403796666667,1.375430838666667,0.8268148132222222,0.5930822534444444,0.31676947977777775,0.3395990461111111,6.99474446322222,5.444338486093167,6.811899206957673,5.444338486093167,Happy
Israel,7.20373332688889,1.4188973453333333,1.3143163042222221,0.8560552161111112,0.46157756455555554,0.26150493900000005,0.12491894999999999,7.203733326888888,5.444338486093167,5.268499088774629,5.444338486093167,Happy
Italy,6.206044486111111,1.4282836325555555,1.2641843646666666,0.869347697111111,0.30770958733333337,0.14979176211111112,0.038860409888888885,6.206044486111112,5.444338486093167,6.811899206957673,5.444338486093167,Happy
Ivory Coast,4.688144448555556,0.6808392594444445,0.6851574767777777,0.13402163144444446,0.4327909694444445,0.1711314507777778,0.12200861877777777,4.688144448555556,5.444338486093167,4.298487007476782,5.444338486093167,Not happy
Jamaica,5.784644437999999,0.950038634,1.240916362,0.6546173857777777,0.5338690939999999,0.13842631444444445,0.03748284066666666,5.784644438,5.444338486093167,5.9905635228708,5.444338486093167,Moderately happy
Japan,5.956422232666666,1.4449388097777778,1.266815168888889,0.9215974680000001,0.5066501578888888,0.061063838666666675,0.18029448611111112,5.956422232666667,5.444338486093167,5.732149987592592,5.444338486093167,Moderately happy
Jordan,4.799822214333333,0.982211288,1.0193652768888888,0.6490805315555556,0.434346248,0.10553502544444443,0.14828687744444446,4.799822214333333,5.444338486093167,5.268499088774629,5.444338486093167,Not happy
Kazakhstan,5.975544413222223,1.2930133896666667,1.3059429677777779,0.6010411657777779,0.5006196027777778,0.14789535733333337,0.12006739688888889,5.975544413222223,5.444338486093167,5.643245552422223,5.444338486093167,Moderately happy
Kenya,4.496333350666667,0.6239192067777778,0.8621320534444443,0.3970134565555555,0.4528727002222222,0.371051378,0.06389915522222223,4.496333350666667,5.444338486093167,4.298487007476782,5.444338486093167,Not happy
Kosovo,5.950133320666667,0.9894328581111113,1.0312684805555556,0.5717201352222222,0.4418909291111111,0.2982487014444445,0.03354562688888889,5.950133320666666,5.444338486093167,5.589284174912879,5.444338486093167,Moderately happy
Kuwait,6.13213748925,1.571018263375,1.12599982175,0.697398080125,0.5385311265,0.14987136124999997,0.16259431037499997,6.13213748925,5.4318256497959885,5.287426859486842,5.4318256497959885,Happy
Kyrgyzstan,5.422833364333333,0.6689023385555556,1.2459739186666665,0.5902748533333333,0.5617167948888889,0.30039679044444445,0.031205096666666668,5.42283336433333,5.444338486093167,5.643245552422223,5.444338486093167,Moderately happy
Laos,4.917574984125,0.8435967305000001,0.805515236125,0.43454728525,0.6174521608750001,0.28392213875,0.19049924549999997,4.917574984125,5.455628377383039,5.362156947458335,5.455628377383039,Not happy
Latvia,5.861777746,1.3135715638888887,1.2841093034444444,0.6547065994444445,0.3717307465555556,0.11291030344444443,0.07738380566666665,5.8617777460000005,5.444338486093167,5.589284174912879,5.444338486093167,Moderately happy
Lebanon,4.494500001777777,1.102060005222222,0.8898852853333334,0.7054369125555555,0.24394140611111112,0.17127165555555554,0.042829108555555565,4.494500001777777,5.444338486093167,5.268499088774629,5.444338486093167,Not happy
Lesotho,3.856114310142857,0.5146299981428571,1.0404378871428572,0.06157925871428572,0.389099833,0.11800070199999999,0.07608835185714287,3.856114310142857,5.438917212141732,4.309639595167801,5.438917212141731,Not happy
Liberia,4.171433327111112,0.23471164444444448,0.7511179851111112,0.28987360788888894,0.3751793642222223,0.22608530622222223,0.05243645833333334,4.171433327111111,5.444338486093167,4.298487007476782,5.444338486093167,Not happy
Libya,5.526725017999999,1.1088808538750001,1.1300285035000002,0.5787044566249999,0.45043591087499996,0.141831420625,0.141436036125,5.526725018,5.4318256497959885,5.287426859486842,5.4318256497959885,Moderately happy
Lithuania,6.147611092,1.369063555,1.3388824273333333,0.6710434581111112,0.35082250833333334,0.038612855333333335,0.04541399077777778,6.147611092,5.444338486093167,5.589284174912879,5.444338486093167,Happy
Luxembourg,7.097055567444445,1.7650055163333331,1.2909702316666665,0.8447657977777777,0.6198105484444445,0.20668721133333331,0.35701621033333336,7.097055567444444,5.444338486093167,6.811899206957673,5.444338486093167,Happy
Macedonia,5.163977804888889,1.1056399924444444,1.0571940612222221,0.6599747017777777,0.39326450733333335,0.21003161155555555,0.04084587255555556,5.163977804888888,5.444338486093167,5.589284174912879,5.444338486093167,Moderately happy
Madagascar,3.9398444306666667,0.3491268778888889,0.7352083022222222,0.3964600373333334,0.18620492377777778,0.18473917711111112,0.08497562366666667,3.9398444306666667,5.444338486093167,4.298487007476782,5.444338486093167,Not happy
Malawi,3.755333348444444,0.254234085,0.40314188011111113,0.32850143111111113,0.4693493874444445,0.2290350585555555,0.10430617844444445,3.755333348444444,5.444338486093167,4.298487007476782,5.444338486093167,Not happy
Malaysia,5.779033371444444,1.3145463384444445,1.080903147111111,0.6493218111111111,0.5245285014444445,0.3014427878888889,0.07984264899999999,5.779033371444447,5.444338486093167,5.37134784239352,5.444338486093167,Moderately happy
Maldives,5.197799944,1.026432152,1.208643801,0.8057197795000001,0.5616018235,0.21409912599999997,0.072453246,5.197799944,5.503039394512082,4.4586499635,5.503039394512082,Moderately happy
Mali,4.358255564333334,0.455478127,0.911245014222222,0.19562746622222224,0.3574620213333333,0.16184902766666667,0.07867850255555556,4.358255564333334,5.444338486093167,4.298487007476782,5.444338486093167,Not happy
Malta,6.5324222132222225,1.4190014586666664,1.3410209543333336,0.8278162512222222,0.6220662314444445,0.3773112673333333,0.15870334955555554,6.532422213222224,5.444338486093167,6.811899206957673,5.444338486093167,Happy
Mauritania,4.361511083444444,0.6942357978888888,0.9873171554444444,0.34485156622222224,0.18754805844444447,0.15040329866666666,0.14004162666666667,4.361511083444444,5.444338486093167,4.298487007476782,5.444338486093167,Not happy
Mauritius,5.850699994444445,1.2202654996666666,1.181154203111111,0.636976319,0.5487994955555556,0.23997536688888893,0.07516775377777778,5.850699994444446,5.444338486093167,4.298487007476782,5.444338486093167,Moderately happy
Mexico,6.540666691333333,1.1832434774444445,1.0584784065555555,0.7039388913333334,0.5083913956666666,0.09724165755555553,0.12217530922222222,6.54066669133333,5.444338486093167,5.9905635228708,5.444338486093167,Happy
Moldova,5.760277766333333,0.8768930473333333,1.1291930854444443,0.5907905171111112,0.3771667263333333,0.16403425666666668,0.01340555888888889,5.760277766333332,5.444338486093167,5.589284174912879,5.444338486093167,Moderately happy
Mongolia,5.320022227444444,1.038758737888889,1.3495968719999998,0.5251046273333333,0.3864252315555555,0.2796711073333333,0.042105046111111114,5.3200222274444435,5.444338486093167,5.732149987592592,5.444338486093167,Moderately happy
Montenegro,5.42845556988889,1.168559901222222,1.1211482666666666,0.6874481743333334,0.3008803225555556,0.156025706,0.09297547833333332,5.4284555698888886,5.444338486093167,5.589284174912879,5.444338486093167,Moderately happy
Morocco,5.09297779211111,0.8920118545555555,0.5608858792222223,0.6064508434444443,0.4353980523333333,0.034832500666666676,0.08440542077777777,5.09297779211111,5.444338486093167,5.268499088774629,5.444338486093167,Moderately happy
Mozambique,4.727950024625001,0.27864087699999995,0.864895486625,0.18402350912499998,0.5291170540000001,0.217792526,0.16869133775,4.7279500246250015,5.452107707682838,4.318745251832432,5.452107707682838,Not happy
Myanmar,4.379444462666666,0.6428223866666667,0.9613638008888888,0.42880284944444447,0.5175623224444444,0.6177198765555555,0.18723517322222222,4.379444462666666,5.444338486093167,5.37134784239352,5.444338486093167,Not happy
Namibia,4.5578875146249995,0.9941732895,1.0557286195,0.33699162262500004,0.443630315,0.07244227849999998,0.07155591437499999,4.557887514625,5.452914024702913,4.3104478834113795,5.452914024702913,Not happy
Nepal,5.0227999746666665,0.5647889515555556,0.9787280633333333,0.5260533523333333,0.46809491144444443,0.30284755244444445,0.09618094544444444,5.022799974666667,5.444338486093167,4.463861366407407,5.444338486093167,Moderately happy
Netherlands,7.417100008666667,1.531334553,1.3316527953333335,0.8281690521111111,0.6146534408888888,0.3595630443333333,0.3398490652222222,7.417100008666667,5.444338486093167,6.811899206957673,5.444338486093167,Happy
New Zealand,7.273844472666667,1.4359848847777779,1.3954292782222222,0.835136445,0.6391891153333333,0.36008348188888895,0.4289272197777778,7.273844472666669,5.444338486093167,7.176058332472222,5.444338486093167,Happy
Nicaragua,6.0744555909999995,0.7681580387777777,1.1626753844444444,0.6658288017777778,0.5355821278888889,0.2239361882222222,0.16909583955555554,6.074455591000001,5.444338486093167,5.9905635228708,5.444338486093167,Happy
Niger,4.445622184333334,0.22603951811111112,0.7006416830000001,0.2603345955555556,0.4434778123333334,0.19138008244444443,0.1385864123333333,4.445622184333334,5.444338486093167,4.298487007476782,5.444338486093167,Not happy
Nigeria,4.961455555000001,0.7809075683333333,0.9331987135555556,0.13021129622222224,0.4072124466666666,0.2150883688888889,0.03416794455555555,4.9614555550000015,5.444338486093167,4.298487007476782,5.444338486093167,Not happy
Northern Cyprus,5.711937499125,1.3453975926250001,1.04821656425,0.899593979375,0.4752899185000001,0.210739469625,0.15896703212500002,5.702948856693182,5.4318256497959885,6.801592857827382,5.4318256497959885,Moderately happy
Norway,7.473888899444445,1.6172345015555554,1.3909495623333337,0.8318598224444442,0.671493719,0.29010414700000003,0.39087271144444447,7.473888899444448,5.444338486093167,6.811899206957673,5.444338486093167,Happy
Pakistan,5.157588869222222,0.7470303338888891,0.6011255856666667,0.4003001138888889,0.32576411066666666,0.24474567577777778,0.11248668755555553,5.157588869222223,5.444338486093167,4.463861366407407,5.444338486093167,Moderately happy
Palestinian Territories,4.65447503425,0.708247305875,1.029034089125,0.579635443375,0.2666052265,0.09675492937499998,0.08654703174999999,4.654475034249999,5.4318256497959885,5.287426859486842,5.4318256497959885,Not happy
Panama,6.416533352777777,1.2851118054444446,1.2557735384444444,0.7344069634444443,0.5658051793333333,0.1356560274444444,0.062127161111111114,6.416533352777777,5.444338486093167,5.9905635228708,5.444338486093167,Happy
Paraguay,5.666011119888888,0.9993453488888888,1.312818048888889,0.6128944821111111,0.5583730948888889,0.21053443322222223,0.0693914768888889,5.6660111198888865,5.444338486093167,5.9905635228708,5.444338486093167,Moderately happy
Peru,5.70708892111111,1.057442716888889,1.0653684841111113,0.6888578097777778,0.4853547707777778,0.1042801702222222,0.038099083000000006,5.707088921111113,5.444338486093167,5.9905635228708,5.444338486093167,Moderately happy
Philippines,5.583333318888888,0.8990344323333334,1.0962476986666667,0.5019665040000001,0.6250133151111111,0.1513804038888889,0.12123084666666666,5.583333318888888,5.444338486093167,5.37134784239352,5.444338486093167,Moderately happy
Poland,6.071033316777776,1.3387130014444442,1.288715749,0.728791536,0.5202628488888889,0.1203178012222222,0.09332989522222222,6.071033316777777,5.444338486093167,5.589284174912879,5.444338486093167,Happy
Portugal,5.594100032,1.3522173473333332,1.2247325963333333,0.8223309803333333,0.5654800543333333,0.06447107333333334,0.024510324222222227,5.594100031999999,5.444338486093167,6.811899206957673,5.444338486093167,Moderately happy
Qatar,6.4218,1.7436911372000001,1.1697073760000003,0.7687316176000001,0.6040641966,0.291216774,0.3559738512,6.4218,5.3789902133756,5.336474733578947,5.3789902133756,Happy
Republic of Serbia,5.652688903444445,1.1327110453333333,1.168174306777778,0.6809275516666667,0.35304377188888886,0.18834319711111108,0.05410121422222222,5.652688903444443,5.444338486093167,5.589284174912879,5.444338486093167,Moderately happy
Republic of the Congo,4.711299965375001,0.710791374625,0.67469629675,0.33046106975,0.41832253324999996,0.11958976762500001,0.10533486475,4.711299965375001,5.430683879046594,4.275837169125665,5.430683879046594,Not happy
Romania,5.980188883444445,1.2832483924444442,1.0586043766666666,0.6829303524444446,0.49996178533333335,0.08523017077777778,0.003499718888888889,5.980188883444445,5.444338486093167,5.589284174912879,5.444338486093167,Moderately happy
Russia,5.681777758333333,1.3020775237777777,1.281967388666667,0.5861072493333332,0.38432141188888885,0.07551730422222222,0.04795247144444444,5.681777758333332,5.444338486093167,5.589284174912879,5.444338486093167,Moderately happy
Rwanda,3.3985374903750003,0.38781607100000004,0.6000179181249999,0.4411372615,0.59501771775,0.222657627125,0.48623531124999997,3.3985374903749994,5.4318256497959885,4.287987277350773,5.4318256497959885,Not happy
Saudi Arabia,6.418499969555556,1.521988009666667,1.1825386346666669,0.6210984963333332,0.5079720047777778,0.107298522,0.20378606333333335,6.418499969555556,5.444338486093167,5.268499088774629,5.444338486093167,Happy
Senegal,4.664866666555556,0.5627212044444444,0.8834039256666668,0.42296941777777775,0.3889559073333333,0.1645917808888889,0.08936293166666665,4.6648666665555565,5.444338486093167,4.298487007476782,5.444338486093167,Not happy
Sierra Leone,4.142600006333334,0.38478570133333334,0.7003145545555556,0.10183541333333333,0.36066393077777775,0.23694865655555553,0.059984012444444436,4.142600006333333,5.444338486093167,4.298487007476782,5.444338486093167,Not happy
Singapore,6.503900002000001,1.7213630884444444,1.227872363666667,0.9515274086666666,0.5998197527777777,0.24931632077777774,0.5071600023333334,6.503900002000001,5.444338486093167,5.37134784239352,5.444338486093167,Happy
Slovakia,6.223733346777778,1.3550968052222223,1.3516733811111112,0.72754313,0.37775333266666666,0.12806380611111112,0.02136469922222222,6.223733346777777,5.444338486093167,5.589284174912879,5.444338486093167,Happy
Slovenia,6.171599986555555,1.3884787167777777,1.3507973902222223,0.8022506971111112,0.6264962168888889,0.17633451011111115,0.0685405891111111,6.171599986555555,5.444338486093167,5.589284174912879,5.444338486093167,Happy
Somalia,5.0602500057499995,0.005660796,0.616820338,0.15291228424999997,0.600726739,0.26122032775000004,0.28655258100000003,5.06025000575,5.379804222415702,4.18586135402328,5.379804222415702,Moderately happy
Somaliland,5.0569999999999995,0.22202500000000003,0.85507,0.38490500000000005,0.42855999999999994,0.508985,0.38361,5.0569999999999995,5.378959445295493,4.16961052631579,5.378959445295493,Moderately happy
South Africa,4.846122198333333,1.0678321272222222,1.2178983203333336,0.29234490433333327,0.43654761733333336,0.11978435866666667,0.059111293,4.846122198333334,5.444338486093167,4.298487007476782,5.444338486093167,Not happy
South Korea,5.892266625333334,1.4361187882222222,1.0218349976666667,0.8900651857777778,0.3018931128888889,0.16197647033333334,0.09940099455555557,5.892266625333334,5.444338486093167,5.732149987592592,5.444338486093167,Moderately happy
South Sudan,3.2693200327999996,0.34465432,0.5045583268,0.2004210074,0.106258338,0.23611908479999996,0.1110200624,3.2693200328000005,5.398491350502495,4.22538805645965,5.398491350502495,Not happy
Spain,6.3956555294444435,1.411730348111111,1.3530477875555558,0.8892092981111109,0.44230278288888886,0.14959545022222223,0.09876043066666668,6.395655529444441,5.444338486093167,6.811899206957673,5.444338486093167,Happy
Sri Lanka,4.379888910888889,1.0455841213333334,1.097644053,0.6585886160000001,0.5352528574444444,0.29795441199999995,0.06728094777777777,4.379888910888888,5.444338486093167,4.463861366407407,5.444338486093167,Not happy
Sudan,4.241749984749999,0.604069173,1.0718321425000001,0.317322706,0.03295146375,0.17192686275,0.10470937999999999,4.2417499847499975,5.3719637282579615,4.1615488540232795,5.3719637282579615,Not happy
Suriname,6.269,1.0461,0.8753299999999999,0.558765,0.5594549999999999,0.16827999999999999,0.131625,6.269,5.378959445295493,6.123215909090909,5.378959445295493,Happy
Swaziland,4.423775056,0.7998999355,0.9949187977500001,0.091311457,0.310628947,0.09771370824999999,0.11484146825,4.423775056,5.4472272800213775,4.345204272106838,5.4472272800213775,Not happy
Sweden,7.3434999787777775,1.5179047217777777,1.3391355412222221,0.8454917354444444,0.655689088888889,0.2935985716666667,0.43439723333333335,7.3434999787777775,5.444338486093167,6.811899206957673,5.444338486093167,Happy
Switzerland,7.493322196111112,1.5961770892222225,1.3696739057777778,0.8780138304444445,0.6377961163333334,0.2398016702222222,0.4061959095555555,7.493322196111113,5.444338486093167,6.811899206957673,5.444338486093167,Happy
Syria,3.2921999786000002,0.6991086268,0.3559305214,0.5662806683999999,0.081699889,0.4312847456,0.1595474262,3.2921999786000002,5.3789902133756,5.336474733578947,5.3789902133756,Not happy
Taiwan,6.452488880111111,1.4943741193333335,1.228859557888889,0.778263581111111,0.43278233066666666,0.1771854644444444,0.11143728755555557,6.452488880111113,5.444338486093167,5.732149987592592,5.444338486093167,Happy
Tajikistan,5.246411079333333,0.5879342501111111,1.0570545537777776,0.5486455474444445,0.47766087533333335,0.19023719655555557,0.186107451,5.246411079333334,5.444338486093167,5.643245552422223,5.444338486093167,Moderately happy
Thailand,6.127866620777777,1.1571220074444444,1.2562357747777777,0.6797494305555556,0.587535615111111,0.4246769026666667,0.027516733,6.1278666207777786,5.444338486093167,5.37134784239352,5.444338486093167,Happy
Togo,3.8071333283333337,0.3769412203333334,0.374272821,0.2788196385555556,0.3411416863333333,0.17851671144444445,0.11051905233333333,3.8071333283333337,5.444338486093167,4.298487007476782,5.444338486093167,Not happy
Trinidad and Tobago,6.179983332833333,1.2534245703333333,1.3209641233333331,0.5994536415,0.5298219788333333,0.2530741195,0.013808868666666668,6.179983332833332,5.394698488287944,6.015100108867604,5.394698488287944,Happy
Tunisia,4.6270222023333325,1.018153165888889,0.752717685111111,0.6556743075555554,0.2634168051111111,0.04624938888888889,0.053655857999999994,4.6270222023333325,5.444338486093167,5.268499088774629,5.444338486093167,Not happy
Turkey,5.168311130555555,1.2848159583333334,1.1022669275555554,0.6723156557777776,0.2345757066666667,0.08557540122222222,0.11462164699999998,5.168311130555555,5.444338486093167,5.268499088774629,5.444338486093167,Moderately happy
Turkmenistan,5.4462625151249995,1.0970475435,1.3538095135,0.519761764625,0.480711075625,0.26143928925000004,0.12698552875000002,5.446262515125,5.4318256497959885,5.620119996475001,5.4318256497959885,Moderately happy
Uganda,4.2448888901111115,0.42577534922222227,1.0134394591111109,0.296644919,0.41885205677777776,0.2610281588888889,0.061108729,4.244888890111112,5.444338486093167,4.298487007476782,5.444338486093167,Not happy
Ukraine,4.5696333483333325,0.9675585063333335,1.2365293387777778,0.5930842592222222,0.289357609,0.2014436421111111,0.01606451455555556,4.5696333483333325,5.444338486093167,5.589284174912879,5.444338486093167,Not happy
United Arab Emirates,6.691088873111111,1.6916910877777778,1.0737190250000002,0.686310297111111,0.6071112634444444,0.24975421411111112,0.27351788525,6.691088873111112,5.444338486093167,5.268499088774629,5.444338486093167,Happy
United Kingdom,6.9463889402222225,1.4564327752222224,1.3187227836666666,0.8224862243333333,0.538552077,0.37754306666666665,0.27974330133333336,6.9463889402222225,5.444338486093167,6.811899206957673,5.444338486093167,Happy
United Republic of Tanzania,3.5361333423333337,0.530338777888889,0.8326193829999999,0.3739263487777777,0.46419342955555554,0.29103191911111115,0.15470844088888888,3.536133342333333,5.444338486093167,4.298487007476782,5.444338486093167,Not happy
United States of America,6.972844446888889,1.5720795693333334,1.3021819188888888,0.7309660709999999,0.5282243075555556,0.30617131555555555,0.15105594766666666,6.972844446888887,5.444338486093167,7.176058332472222,5.444338486093167,Happy
Uruguay,6.443900021,1.2383100168888888,1.2965154447777778,0.7252861898888888,0.6046843693333332,0.14557784666666668,0.20866743855555558,6.443900020999999,5.444338486093167,5.9905635228708,5.444338486093167,Happy
Uzbekistan,6.082733336222223,0.8367160041111111,1.341168799111111,0.5753695934444445,0.6828009987777778,0.3261027411111111,0.2595976097777778,6.082733336222223,5.444338486093167,5.643245552422223,5.444338486093167,Happy
Venezuela,5.304244418666666,0.7649533154444446,1.2318738286666666,0.630969973,0.2529182604444445,0.097900976,0.0732051,5.304244418666666,5.444338486093167,5.9905635228708,5.444338486093167,Moderately happy
Vietnam,5.309499974555555,0.8614633285555555,1.1068884551111111,0.6711814428888888,0.6293190183333333,0.1684229746666667,0.09638352177777777,5.309499974555554,5.444338486093167,5.37134784239352,5.444338486093167,Moderately happy
Yemen,3.688924994,0.48240815274999993,0.922339921,0.36227513575,0.257824400875,0.095166777625,0.07619744375,3.688924994,5.4318256497959885,5.287426859486842,5.4318256497959885,Not happy
Zambia,4.277377758888889,0.6408489491111111,0.8418827311111111,0.2788221372222222,0.4843123368888889,0.21797456077777777,0.09004319866666666,4.277377758888889,5.444338486093167,4.298487007476782,5.444338486093167,Not happy
Zimbabwe,3.6306888953333334,0.4786467284444444,0.9229412376666666,0.258783485,0.3382987696666666,0.15259918677777776,0.09199043999999999,3.6306888953333325,5.444338486093167,4.298487007476782,5.444338486093167,Not happy
